3_metabat_23	{'GC std': 0.024171265923690163, '# genomes': 2258, 'Genome size': 2546566, 'Longest contig': 46790, 'GCN0': ['TIGR00095', 'PF00035', 'PF00471', 'TIGR01394', 'PF02410', 'PF01018', 'PF07499', 'TIGR01063', 'PF05491', 'PF01016', 'TIGR00460', 'PF03652', 'TIGR03263', 'TIGR01499', 'PF01687', 'TIGR00214', 'PF00253', 'PF02367', 'PF02575', 'TIGR00420', 'PF00829', 'PF01783', 'PF02403', 'PF00684', 'TIGR01145', 'PF00584'], 'GCN1': ['PF01509', 'PF12169', 'PF00298', 'PF00203', 'TIGR00409', 'PF00411', 'PF02075', 'PF02096', 'PF00189', 'PF01043', 'PF01281', 'PF01351', 'TIGR00392', 'PF00181', 'PF00312', 'TIGR00575', 'PF00366', 'PF00177', 'PF04977', 'PF01193', 'PF01765', 'PF01409', 'PF00830', 'PF05190', 'PF02130', 'PF04560', 'PF03947', 'PF02491', 'TIGR01083', 'TIGR01085', 'PF01782', 'PF04563', 'TIGR00362', 'TIGR03723', 'TIGR03725', 'PF03719', 'TIGR01951', 'PF03485', 'PF07516', 'PF04998', 'PF06071', 'PF00276', 'PF04561', 'PF06421', 'TIGR00593', 'TIGR00595', 'PF01250', 'PF01624', 'PF02576', 'PF00318', 'PF02033', 'TIGR00615', 'PF00338', 'PF03147', 'PF04997', 'PF00380', 'PF01084', 'PF00334', 'PF02224', 'TIGR00344', 'PF12631', 'PF00252', 'TIGR00755', 'PF02768', 'PF04565', 'PF11987', 'PF02699', 'TIGR01750', 'PF00347', 'PF00828', 'TIGR00020', 'PF00164', 'PF07497', 'TIGR03594', 'TIGR03598', 'TIGR00922', 'TIGR02075', 'PF01000', 'PF01119', 'PF00572', 'PF00750', 'PF00238', 'PF01746', 'PF00627', 'PF00861', 'PF00466', 'PF02527', 'PF01121', 'PF11967', 'PF00453', 'PF08459', 'PF01330', 'PF02912', 'PF13932', 'TIGR01302', 'PF01245', 'PF02091', 'TIGR03302', 'PF01795', 'PF00831', 'PF01386', 'TIGR00019', 'PF06418', 'PF00297', 'TIGR02432', 'PF03946', 'PF00542', 'PF01715', 'PF02565', 'TIGR00064', 'PF00712', 'TIGR01079', 'PF03726', 'PF01192', 'PF00673', 'PF02873', 'TIGR00329', 'PF00687', 'PF01649', 'PF01416', 'PF04760', 'PF00623', 'TIGR00445', 'TIGR00442', 'PF00889', 'PF03484', 'PF04983', 'PF01196', 'PF00281', 'TIGR00041', 'PF00562', 'TIGR01059', 'PF01668', 'PF13603', 'PF05000', 'PF00886', 'PF00333', 'PF00410', 'PF12344', 'PF08529', 'TIGR01133', 'TIGR00422', 'PF00344', 'PF14450', 'PF01195', 'PF00163', 'PF00237', 'TIGR01143', 'TIGR00436', 'TIGR00435', 'PF13184', 'TIGR02393', 'PF10396', 'PF10385', 'PF05697', 'PF02978', 'TIGR01087', 'PF00573', 'PF02092'], 'GCN2': ['PF05698', 'PF03948', 'TIGR00186'], 'marker lineage': 'k__Bacteria', 'GC': 0.45773092077723493, 'GCN4': [], '# scaffolds': 337, 'Completeness': 80.66832858499524, 'GCN3': [], 'GCN5+': [], '# contigs': 337, 'Translation table': 11, '# markers': 188, 'Coding density': 0.8929527057221371, 'Mean contig length': 7556.575667655787, '# marker sets': 117, 'N50 (contigs)': 9412, '1': 159, '0': 26, '3': 0, '2': 3, 'Longest scaffold': 46790, '4': 0, '5+': 0, 'Contamination': 1.4957264957264957, '# predicted genes': 2478, 'N50 (scaffolds)': 9412, '# ambiguous bases': 0, 'Mean scaffold length': 7556.575667655787}
3_metabat_22	{'GC std': 0.014773138228468454, '# genomes': 2993, 'Genome size': 1966808, 'Longest contig': 23672, 'GCN0': ['PF01509', 'PF00035', 'PF00471', 'PF00366', 'PF01765', 'TIGR01085', 'TIGR03723', 'PF03719', 'PF06421', 'PF02033', 'PF00252', 'TIGR00755', 'PF11987', 'PF02699', 'PF00347', 'TIGR00020', 'TIGR02075', 'PF00238', 'PF00861', 'PF01795', 'PF00831', 'TIGR00019', 'TIGR00460', 'TIGR01079', 'TIGR02350', 'PF02873', 'PF04760', 'PF00889', 'PF00253', 'PF00281', 'PF00673', 'PF02367', 'PF13603', 'PF00333', 'PF00410', 'PF08529', 'TIGR01133', 'PF00684', 'TIGR00435', 'PF13184'], 'GCN1': ['PF00298', 'PF00203', 'PF00411', 'PF02075', 'PF02096', 'PF00189', 'PF02410', 'PF01043', 'PF01281', 'TIGR00392', 'PF00312', 'TIGR00575', 'TIGR00418', 'PF00177', 'PF01193', 'PF01409', 'PF02130', 'PF04560', 'PF03947', 'TIGR01087', 'TIGR01951', 'PF03485', 'PF07516', 'PF04998', 'PF06071', 'PF00276', 'PF12631', 'TIGR00593', 'TIGR00595', 'PF01250', 'PF00318', 'PF01018', 'TIGR00615', 'PF00338', 'PF03147', 'PF04997', 'PF01084', 'TIGR00344', 'PF04561', 'PF02768', 'PF04565', 'PF03948', 'PF00828', 'PF00164', 'PF07497', 'TIGR03594', 'TIGR00922', 'PF01000', 'PF00572', 'PF00750', 'PF01746', 'PF00466', 'PF01121', 'TIGR00329', 'PF00181', 'PF00453', 'PF08459', 'PF01330', 'PF05491', 'PF02912', 'PF13932', 'PF02938', 'PF01016', 'PF04563', 'PF01245', 'PF01386', 'PF06418', 'PF01195', 'PF00297', 'TIGR02432', 'PF03946', 'TIGR03263', 'PF00542', 'TIGR00064', 'PF03726', 'PF00687', 'PF01649', 'PF00380', 'TIGR01063', 'PF00623', 'TIGR00445', 'TIGR00442', 'PF03484', 'PF04983', 'PF01196', 'PF00562', 'PF00416', 'PF00627', 'TIGR02397', 'PF00830', 'PF01668', 'PF05000', 'TIGR01059', 'PF00886', 'PF12344', 'TIGR00422', 'PF00344', 'PF00163', 'PF00829', 'PF02403', 'PF00237', 'PF10396', 'PF10385', 'PF05697', 'PF02978', 'PF00573', 'TIGR02012'], 'GCN2': [], 'marker lineage': 'k__Bacteria', 'GC': 0.4888570719663536, 'GCN4': [], '# scaffolds': 330, 'Completeness': 72.86341109870521, 'GCN3': [], 'GCN5+': [], '# contigs': 330, 'Translation table': 11, '# markers': 147, 'Coding density': 0.9286473311070527, 'Mean contig length': 5960.024242424242, '# marker sets': 91, 'N50 (contigs)': 6694, '1': 107, '0': 40, '3': 0, '2': 0, 'Longest scaffold': 23672, '4': 0, '5+': 0, 'Contamination': 0.0, '# predicted genes': 1939, 'N50 (scaffolds)': 6694, '# ambiguous bases': 0, 'Mean scaffold length': 5960.024242424242}
3_metabat_21	{'GC std': 0.01485019154589839, '# genomes': 207, 'Genome size': 207172, 'Longest contig': 5495, 'GCN0': ['TIGR00442', 'PF03484', 'PF04019', 'PF04983', 'TIGR03683', 'PF00679', 'PF01282', 'PF00832', 'PF01287', 'PF05221', 'PF04563', 'TIGR00549', 'PF02005', 'PF00281', 'PF00673', 'TIGR00408', 'PF04997', 'PF08068', 'PF06026', 'PF13685', 'TIGR03665', 'PF00380', 'TIGR02389', 'PF00562', 'PF01864', 'PF03950', 'TIGR02338', 'PF01849', 'PF01866', 'TIGR02153', 'PF00189', 'TIGR00344', 'PF00831', 'PF01090', 'PF00252', 'PF01201', 'PF01351', 'PF01092', 'PF04567', 'TIGR00392', 'PF04565', 'PF00900', 'PF04919', 'PF01280', 'PF01015', 'PF06418', 'PF00181', 'TIGR00270', 'PF00347', 'PF05000', 'PF00297', 'TIGR00419', 'PF04566', 'PF00366', 'PF01780', 'TIGR00057', 'PF01191', 'PF00177', 'PF03719', 'TIGR00468', 'PF01982', 'PF01868', 'TIGR01213', 'PF00410', 'PF00736', 'PF00164', 'TIGR00336', 'TIGR01046', 'PF05670', 'TIGR00522', 'PF01798', 'PF01922', 'TIGR00425', 'TIGR00422', 'PF01200', 'PF04560', 'TIGR00389', 'PF03947', 'PF04010', 'TIGR01080', 'PF01655', 'PF09377', 'PF01246', 'PF00572', 'PF01981', 'PF01984', 'PF00750', 'PF00238', 'TIGR03724', 'PF00827', 'PF00203', 'TIGR00670', 'PF01269', 'PF03764', 'PF04127', 'PF01192', 'PF01172', 'PF00861', 'PF08071', 'PF09173', 'PF03874', 'PF05746', 'PF00327', 'PF09249', 'PF00237', 'PF00958', 'PF00833', 'TIGR00329', 'PF01667', 'PF00398', 'PF01194', 'PF13656', 'PF00276', 'TIGR00432', 'TIGR03679', 'PF00749', 'PF01912', 'TIGR03677', 'PF04561', 'PF01198', 'PF01157', 'PF07541', 'TIGR00289', 'PF00752', 'PF00935', 'PF01725', 'PF00333', 'PF00318', 'PF03876', 'PF02978', 'PF00623', 'PF00573', 'PF00867'], 'GCN1': ['TIGR00134', 'PF03439', 'PF00298', 'TIGR01018', 'PF00411', 'PF00416', 'PF11987', 'PF00312', 'TIGR03685', 'PF01193', 'TIGR00064', 'TIGR02076', 'PF01000', 'PF08069', 'PF00466', 'PF00687'], 'GCN2': [], 'marker lineage': 'k__Archaea', 'GC': 0.6325323885467148, 'GCN4': [], '# scaffolds': 63, 'Completeness': 11.214953271028037, 'GCN3': [], 'GCN5+': [], '# contigs': 63, 'Translation table': 11, '# markers': 149, 'Coding density': 0.9475653080532118, 'Mean contig length': 3288.4444444444443, '# marker sets': 107, 'N50 (contigs)': 3176, '1': 16, '0': 133, '3': 0, '2': 0, 'Longest scaffold': 5495, '4': 0, '5+': 0, 'Contamination': 0.0, '# predicted genes': 225, 'N50 (scaffolds)': 3176, '# ambiguous bases': 0, 'Mean scaffold length': 3288.4444444444443}
3_metabat_20	{'GC std': 0.029727747903420268, '# genomes': 2258, 'Genome size': 1501452, 'Longest contig': 12660, 'GCN0': ['PF13932', 'TIGR00442', 'PF01509', 'PF12169', 'PF00889', 'TIGR00615', 'PF00562', 'PF03484', 'PF04983', 'TIGR03263', 'PF01016', 'TIGR01302', 'PF04563', 'PF00281', 'TIGR00409', 'PF03147', 'PF04997', 'PF00380', 'PF00471', 'PF00334', 'PF02075', 'PF00189', 'PF02033', 'TIGR00344', 'PF01795', 'PF04561', 'PF00831', 'PF11987', 'PF00252', 'TIGR00755', 'TIGR03594', 'TIGR00392', 'PF04565', 'PF00830', 'PF02575', 'PF06418', 'PF00572', 'PF02699', 'TIGR00575', 'PF05698', 'PF13603', 'PF00347', 'PF05000', 'PF00297', 'PF11967', 'PF00750', 'PF00366', 'TIGR02432', 'PF03652', 'PF03719', 'TIGR00186', 'PF00410', 'PF12344', 'PF00164', 'TIGR03598', 'TIGR01133', 'PF02565', 'TIGR00420', 'PF02130', 'PF04560', 'PF02491', 'TIGR01083', 'TIGR01087', 'PF02410', 'TIGR02075', 'TIGR00362', 'TIGR00593', 'TIGR01079', 'TIGR03723', 'PF00238', 'TIGR03725', 'PF00344', 'PF00627', 'PF00828', 'PF00829', 'PF08459', 'PF00861', 'PF00177', 'PF00673', 'PF02403', 'PF07499', 'TIGR01063', 'PF01121', 'PF04998', 'TIGR01085', 'PF02873', 'TIGR00329', 'TIGR01145', 'PF00318', 'TIGR01143', 'TIGR00435', 'PF13184', 'PF12631', 'TIGR02393', 'PF10385', 'PF05697', 'PF00253', 'PF01416', 'TIGR00595', 'PF00453', 'TIGR00214', 'PF00333', 'PF01330', 'PF04760', 'PF02576', 'PF01783', 'PF05491', 'PF00623', 'PF08529', 'PF02367', 'PF02092'], 'GCN1': ['TIGR00445', 'PF01386', 'PF00338', 'PF01196', 'PF01245', 'PF01084', 'PF00411', 'PF02096', 'TIGR01059', 'TIGR03302', 'PF01043', 'PF01624', 'PF01281', 'PF01351', 'PF01668', 'PF05190', 'PF00312', 'PF01649', 'TIGR01750', 'PF03948', 'TIGR00041', 'TIGR00460', 'TIGR00095', 'TIGR00020', 'PF01193', 'PF01765', 'PF01409', 'PF01715', 'TIGR00422', 'TIGR00064', 'TIGR01394', 'PF03947', 'TIGR01499', 'PF01782', 'PF01000', 'PF01119', 'PF01687', 'PF00203', 'PF01746', 'PF01195', 'PF00163', 'PF01192', 'TIGR01951', 'PF14450', 'PF03485', 'PF07516', 'PF02527', 'PF00237', 'PF06071', 'PF00276', 'TIGR00438', 'TIGR00436', 'PF00886', 'PF10396', 'PF06421', 'PF02938', 'PF01250', 'PF00584', 'PF02978', 'PF02912', 'PF00181', 'PF00573'], 'GCN2': ['PF00298', 'PF00542', 'PF04977', 'PF02224', 'PF00035', 'PF02091', 'PF03946', 'PF07497', 'PF02768', 'PF00712', 'PF03726', 'PF00684', 'TIGR00019', 'TIGR00922', 'PF00687', 'PF00466'], 'marker lineage': 'k__Bacteria', 'GC': 0.4742242842262024, 'GCN4': [], '# scaffolds': 428, 'Completeness': 43.32399626517274, 'GCN3': ['PF01018'], 'GCN5+': [], '# contigs': 428, 'Translation table': 11, '# markers': 190, 'Coding density': 0.910148975791434, 'Mean contig length': 3508.0654205607475, '# marker sets': 119, 'N50 (contigs)': 3396, '1': 62, '0': 111, '3': 1, '2': 16, 'Longest scaffold': 12660, '4': 0, '5+': 0, 'Contamination': 9.523809523809524, '# predicted genes': 1711, 'N50 (scaffolds)': 3396, '# ambiguous bases': 0, 'Mean scaffold length': 3508.0654205607475}
3_metabat_25	{'GC std': 0.01778148136654701, '# genomes': 732, 'Genome size': 222062, 'Longest contig': 5350, 'GCN0': ['PF03602', 'PF10410', 'PF01509', 'PF00707', 'PF00298', 'TIGR00093', 'TIGR00096', 'PF00203', 'PF00035', 'TIGR00409', 'TIGR00717', 'PF02075', 'PF00213', 'PF02410', 'PF01351', 'TIGR00392', 'PF00181', 'PF00312', 'PF02132', 'TIGR01162', 'TIGR00419', 'TIGR03719', 'PF00177', 'TIGR00962', 'TIGR00963', 'PF01765', 'PF03461', 'PF02637', 'TIGR01394', 'PF01264', 'PF03947', 'TIGR01087', 'PF01782', 'PF13507', 'TIGR01173', 'PF01728', 'TIGR03723', 'TIGR03725', 'PF03719', 'TIGR01951', 'PF06071', 'PF02357', 'PF12627', 'PF00276', 'PF06421', 'TIGR00593', 'PF01250', 'PF02033', 'TIGR01966', 'PF01018', 'PF00338', 'TIGR01980', 'PF00119', 'TIGR00344', 'TIGR01357', 'PF13167', 'PF10609', 'TIGR00755', 'TIGR01978', 'PF02631', 'PF11987', 'PF05698', 'TIGR01994', 'PF00347', 'PF00828', 'TIGR00020', 'PF00164', 'TIGR01039', 'TIGR00741', 'TIGR00634', 'PF08207', 'PF02844', 'TIGR01510', 'PF00861', 'TIGR01203', 'PF00466', 'PF02527', 'TIGR00329', 'TIGR02673', 'PF11967', 'TIGR00482', 'PF00453', 'PF01330', 'PF09190', 'TIGR00132', 'PF00162', 'PF01016', 'PF01245', 'PF01795', 'TIGR00878', 'TIGR00010', 'PF00297', 'PF03652', 'PF03946', 'PF02601', 'PF02823', 'PF02565', 'TIGR00064', 'TIGR01499', 'PF03119', 'PF01687', 'PF01632', 'PF03726', 'PF01121', 'TIGR00670', 'PF00327', 'TIGR00855', 'TIGR00690', 'PF00687', 'PF01649', 'TIGR01063', 'PF00231', 'PF02686', 'PF09269', 'PF01132', 'PF02934', 'PF00625', 'TIGR01059', 'PF01715', 'PF06574', 'PF02367', 'PF01668', 'PF01071', 'PF00886', 'TIGR00186', 'PF00333', 'PF00410', 'PF12344', 'PF08529', 'TIGR01134', 'PF09285', 'PF13742', 'PF04560', 'TIGR01128', 'PF00344', 'PF02620', 'TIGR01455', 'PF00829', 'PF08459', 'PF02403', 'PF01807', 'TIGR00436', 'PF13184', 'TIGR02397', 'PF01709', 'PF05697', 'PF00584', 'PF02843', 'PF01725', 'PF02978', 'PF00573', 'TIGR02012'], 'GCN1': ['PF00411', 'PF00189', 'PF01281', 'PF00366', 'PF03840', 'PF00308', 'PF01193', 'PF02130', 'PF04563', 'PF04998', 'PF04561', 'PF00318', 'TIGR00611', 'PF04997', 'PF02224', 'PF00252', 'PF08299', 'PF04565', 'PF03948', 'TIGR03594', 'TIGR02075', 'PF01000', 'PF00572', 'PF00238', 'PF05491', 'PF02912', 'PF00831', 'TIGR00019', 'TIGR01079', 'PF00380', 'PF01416', 'PF00623', 'TIGR03631', 'TIGR00442', 'PF00889', 'PF03484', 'PF04983', 'PF00562', 'PF01196', 'PF00281', 'PF00673', 'PF00627', 'PF13603', 'PF10385', 'TIGR00234', 'PF00237', 'PF00958'], 'GCN2': [], 'marker lineage': 'p__Actinobacteria', 'GC': 0.7121344489376841, 'GCN4': [], '# scaffolds': 68, 'Completeness': 15.646551724137929, 'GCN3': [], 'GCN5+': [], '# contigs': 68, 'Translation table': 11, '# markers': 199, 'Coding density': 0.9431014761643145, 'Mean contig length': 3265.6176470588234, '# marker sets': 116, 'N50 (contigs)': 3143, '1': 47, '0': 152, '3': 0, '2': 0, 'Longest scaffold': 5350, '4': 0, '5+': 0, 'Contamination': 0.0, '# predicted genes': 291, 'N50 (scaffolds)': 3143, '# ambiguous bases': 0, 'Mean scaffold length': 3265.6176470588234}
3_metabat_24	{'GC std': 0.01954890241278823, '# genomes': 112, 'Genome size': 2428987, 'Longest contig': 173476, 'GCN0': ['PF00707', 'PF00298', 'PF00411', 'PF00189', 'PF06853', 'PF00181', 'PF00366', 'PF00177', 'PF01193', 'PF01409', 'PF04560', 'PF03947', 'PF00203', 'PF03309', 'TIGR02521', 'PF03719', 'PF04998', 'PF04561', 'PF00338', 'PF03147', 'PF04997', 'PF00334', 'PF02224', 'PF05198', 'PF00252', 'TIGR03594', 'PF04565', 'PF05698', 'PF00347', 'PF00828', 'PF00164', 'TIGR00922', 'PF01000', 'PF00238', 'PF00466', 'PF00453', 'PF04563', 'TIGR00442', 'TIGR03300', 'PF00831', 'TIGR00121', 'PF00861', 'PF00297', 'PF03946', 'PF02601', 'PF00542', 'PF00478', 'TIGR01079', 'PF01632', 'PF00276', 'PF00327', 'PF00687', 'TIGR01356', 'PF00623', 'TIGR00508', 'PF00253', 'PF03484', 'PF04983', 'TIGR02203', 'PF01196', 'PF00281', 'PF00673', 'PF00562', 'TIGR03533', 'PF00636', 'PF05000', 'PF00333', 'PF10385', 'PF00410', 'PF12344', 'PF00800', 'PF00416', 'PF13742', 'PF11638', 'TIGR00884', 'TIGR00888', 'PF03483', 'PF00344', 'PF00163', 'PF00237', 'PF02912', 'PF03118', 'PF05697', 'TIGR00987', 'PF00584', 'PF00573'], 'GCN1': ['PF03602', 'PF10410', 'PF01509', 'PF12169', 'TIGR01173', 'TIGR00096', 'PF00035', 'TIGR00547', 'TIGR00544', 'PF04963', 'PF01967', 'TIGR00409', 'PF00091', 'PF05690', 'PF00013', 'PF00471', 'TIGR00713', 'PF00742', 'PF03668', 'PF02075', 'PF02096', 'PF04552', 'PF07991', 'PF01043', 'TIGR00515', 'PF00709', 'PF01281', 'PF02617', 'PF01351', 'PF00834', 'PF04262', 'TIGR00393', 'TIGR00392', 'TIGR00390', 'TIGR00154', 'TIGR01389', 'PF08032', 'PF00312', 'PF01975', 'TIGR00577', 'TIGR01362', 'TIGR00416', 'PF03872', 'TIGR00418', 'PF04361', 'PF00121', 'TIGR03719', 'PF03840', 'PF02391', 'TIGR00707', 'TIGR03002', 'PF04351', 'TIGR01942', 'TIGR02449', 'PF05237', 'PF04977', 'TIGR01890', 'TIGR00966', 'PF01765', 'PF03461', 'PF09424', 'PF00830', 'PF02637', 'PF05190', 'PF05188', 'PF00183', 'PF10369', 'PF02130', 'TIGR01394', 'PF01264', 'TIGR01391', 'PF02491', 'PF03772', 'PF03331', 'TIGR02966', 'PF03979', 'PF01113', 'TIGR01083', 'TIGR01084', 'TIGR01085', 'TIGR01087', 'PF01782', 'PF13507', 'TIGR00564', 'TIGR00566', 'TIGR00561', 'TIGR00563', 'TIGR01379', 'TIGR03723', 'TIGR02639', 'TIGR03725', 'PF04079', 'TIGR01951', 'PF03485', 'PF13567', 'PF07516', 'PF00290', 'PF06071', 'PF02618', 'PF01761', 'PF04376', 'TIGR01418', 'PF13667', 'PF03853', 'PF04386', 'PF04380', 'TIGR00171', 'TIGR00170', 'PF01008', 'PF06421', 'TIGR00593', 'TIGR00595', 'PF01702', 'PF01250', 'TIGR00358', 'PF01624', 'PF02590', 'TIGR01347', 'PF02576', 'PF00318', 'PF02033', 'PF02547', 'PF06144', 'TIGR02515', 'TIGR01966', 'PF01018', 'PF04898', 'PF02542', 'PF03899', 'TIGR01749', 'TIGR01740', 'TIGR01982', 'TIGR00838', 'TIGR01406', 'PF04166', 'TIGR02188', 'PF00380', 'TIGR00163', 'PF00113', 'PF09312', 'TIGR01574', 'PF04999', 'PF01084', 'PF13631', 'PF06325', 'PF02609', 'TIGR00344', 'TIGR00347', 'PF12631', 'TIGR02614', 'PF02606', 'PF03255', 'PF01142', 'PF12769', 'PF07478', 'PF13167', 'PF02631', 'TIGR03139', 'PF13491', 'PF01423', 'PF01220', 'PF11987', 'PF02410', 'PF02699', 'TIGR02063', 'TIGR01750', 'PF11898', 'TIGR03821', 'PF03948', 'TIGR00809', 'PF00902', 'PF00697', 'PF00988', 'TIGR00112', 'TIGR00020', 'PF02325', 'PF06750', 'PF04359', 'TIGR00336', 'PF07497', 'TIGR01325', 'TIGR02665', 'PF02768', 'TIGR03598', 'TIGR00244', 'PF00075', 'PF09157', 'TIGR00742', 'PF01432', 'TIGR00634', 'PF04093', 'TIGR01695', 'TIGR01694', 'PF07499', 'TIGR01693', 'TIGR00928', 'PF08328', 'TIGR02075', 'TIGR02071', 'TIGR02072', 'PF01119', 'PF00572', 'PF02021', 'PF00750', 'PF02233', 'PF01746', 'PF01960', 'TIGR01510', 'PF01379', 'PF01964', 'PF01628', 'PF00885', 'PF00731', 'TIGR03692', 'PF02527', 'PF13721', 'TIGR00329', 'PF03652', 'PF00398', 'TIGR02673', 'PF11967', 'PF05173', 'PF01433', 'TIGR01027', 'PF02504', 'PF00745', 'TIGR00643', 'TIGR00482', 'PF01985', 'TIGR01683', 'PF11940', 'PF02955', 'PF04364', 'PF04377', 'PF08459', 'PF01330', 'PF05491', 'PF02660', 'PF09190', 'PF09397', 'PF13288', 'TIGR00132', 'PF00490', 'PF13932', 'PF02578', 'PF00162', 'PF02951', 'PF02938', 'TIGR02939', 'PF13090', 'TIGR00007', 'PF03966', 'PF01016', 'TIGR00260', 'PF04052', 'TIGR02795', 'TIGR02796', 'PF01450', 'PF01245', 'PF02390', 'TIGR00658', 'TIGR00656', 'TIGR00653', 'TIGR00499', 'PF00309', 'PF08331', 'PF07517', 'PF02767', 'PF08278', 'TIGR03303', 'PF01795', 'PF05195', 'TIGR00878', 'PF01128', 'PF11734', 'TIGR00128', 'PF01386', 'TIGR00019', 'PF02132', 'PF06418', 'PF07943', 'PF04546', 'PF00764', 'PF02464', 'PF02616', 'PF02787', 'PF02559', 'TIGR02432', 'TIGR02433', 'TIGR00460', 'TIGR00462', 'PF00829', 'PF01472', 'TIGR02225', 'TIGR03317', 'TIGR00904', 'PF02091', 'PF07072', 'PF02565', 'PF00186', 'PF01513', 'PF08676', 'TIGR01499', 'PF00762', 'PF13089', 'PF02674', 'PF00712', 'TIGR00201', 'PF09179', 'TIGR01075', 'TIGR01072', 'PF01687', 'PF03726', 'TIGR00473', 'PF01192', 'PF08364', 'TIGR01816', 'TIGR01818', 'TIGR02350', 'PF04085', 'PF05958', 'TIGR00326', 'PF01121', 'PF02541', 'PF02167', 'PF02873', 'PF02684', 'PF04186', 'PF03799', 'TIGR01670', 'PF00032', 'TIGR00078', 'TIGR01245', 'PF10458', 'PF01649', 'PF00842', 'PF01134', 'PF02670', 'PF01416', 'PF04356', 'PF04354', 'TIGR00214', 'PF00627', 'TIGR01062', 'PF03900', 'PF04760', 'PF13335', 'PF07717', 'PF12002', 'PF00218', 'TIGR00503', 'TIGR00500', 'PF04362', 'TIGR00445', 'TIGR00444', 'TIGR00443', 'PF00889', 'PF07498', 'TIGR02209', 'PF08206', 'PF02686', 'PF12327', 'PF02620', 'PF01255', 'TIGR02970', 'TIGR00044', 'TIGR01474', 'PF01808', 'TIGR02801', 'TIGR02800', 'TIGR02802', 'PF01406', 'PF02934', 'TIGR01059', 'TIGR01051', 'TIGR01055', 'TIGR01298', 'PF06835', 'TIGR01292', 'PF01715', 'PF06574', 'TIGR00531', 'TIGR01129', 'PF00625', 'PF05164', 'PF05201', 'PF02367', 'PF01668', 'PF02575', 'TIGR02210', 'TIGR02211', 'PF02445', 'TIGR03346', 'TIGR03188', 'PF00475', 'PF02503', 'PF08478', 'PF10396', 'PF13603', 'PF12626', 'PF04350', 'TIGR00054', 'TIGR00050', 'TIGR02968', 'TIGR01462', 'TIGR01464', 'PF01678', 'PF00886', 'TIGR00185', 'PF04453', 'TIGR00239', 'TIGR00234', 'TIGR00233', 'PF01027', 'TIGR00064', 'PF02580', 'PF02381', 'TIGR00528', 'PF08529', 'TIGR01133', 'TIGR01134', 'TIGR01138', 'PF02673', 'PF11808', 'TIGR00421', 'TIGR00420', 'TIGR00422', 'PF02569', 'PF14334', 'TIGR00732', 'TIGR00735', 'TIGR00737', 'PF02965', 'PF12221', 'PF03740', 'PF02223', 'PF01820', 'PF03710', 'PF02401', 'PF14450', 'PF02622', 'PF01195', 'PF01176', 'TIGR01455', 'PF04127', 'PF09976', 'TIGR03426', 'TIGR03420', 'TIGR03423', 'PF11104', 'PF01430', 'PF01783', 'PF03588', 'PF02403', 'PF04390', 'PF08436', 'PF00684', 'TIGR01081', 'TIGR00551', 'PF13484', 'TIGR01145', 'TIGR01144', 'TIGR01143', 'PF07479', 'PF01165', 'TIGR00438', 'TIGR00436', 'PF04551', 'PF13184', 'TIGR01850', 'TIGR01854', 'TIGR02393', 'TIGR02392', 'TIGR02394', 'TIGR01082', 'PF01210', 'TIGR02168', 'PF01725', 'PF02978', 'TIGR02012', 'PF01256', 'PF02092'], 'GCN2': ['PF00815', 'PF02844', 'TIGR01496', 'PF01218', 'TIGR00539', 'PF01071', 'TIGR01135', 'PF01259', 'PF02843'], 'marker lineage': 'c__Gammaproteobacteria', 'GC': 0.6068393943648114, 'GCN4': [], '# scaffolds': 56, 'Completeness': 94.05025868440504, 'GCN3': [], 'GCN5+': [], '# contigs': 56, 'Translation table': 11, '# markers': 577, 'Coding density': 0.9051036502047973, 'Mean contig length': 43374.767857142855, '# marker sets': 287, 'N50 (contigs)': 81492, '1': 482, '0': 86, '3': 0, '2': 9, 'Longest scaffold': 173476, '4': 0, '5+': 0, 'Contamination': 2.0905923344947737, '# predicted genes': 2419, 'N50 (scaffolds)': 81492, '# ambiguous bases': 0, 'Mean scaffold length': 43374.767857142855}
3_metabat_8	{'GC std': 0.014112802898049372, '# genomes': 207, 'Genome size': 219553, 'Longest contig': 84841, 'GCN0': ['TIGR00134', 'PF03439', 'TIGR00442', 'PF00298', 'PF03484', 'PF04019', 'TIGR03683', 'PF01282', 'PF01287', 'PF05221', 'TIGR00549', 'TIGR01018', 'PF02005', 'PF00281', 'PF00673', 'PF08068', 'PF06026', 'PF13685', 'TIGR03665', 'PF00380', 'PF00411', 'PF01864', 'PF03950', 'TIGR02338', 'PF01849', 'PF01866', 'TIGR02153', 'PF00189', 'TIGR00344', 'PF00416', 'PF00831', 'PF00252', 'PF01201', 'PF01351', 'PF01092', 'TIGR00392', 'PF00900', 'PF04919', 'PF01280', 'PF06418', 'PF00181', 'PF11987', 'PF00312', 'TIGR03685', 'PF00347', 'PF00297', 'TIGR00419', 'PF00366', 'TIGR00057', 'PF03719', 'TIGR00468', 'PF01982', 'PF01868', 'TIGR01213', 'PF00410', 'PF00736', 'TIGR00336', 'TIGR01046', 'PF01193', 'PF05670', 'TIGR00522', 'PF01798', 'PF01922', 'TIGR00425', 'TIGR00422', 'PF01200', 'TIGR00064', 'PF03947', 'PF04010', 'TIGR01080', 'PF01655', 'PF01246', 'TIGR02076', 'PF01000', 'PF00572', 'PF01981', 'PF01984', 'PF00750', 'PF00238', 'TIGR03724', 'PF00827', 'PF08069', 'PF00203', 'TIGR00670', 'PF01269', 'PF01192', 'PF00861', 'PF08071', 'PF09173', 'PF03874', 'PF05746', 'PF00466', 'PF00327', 'PF09249', 'PF00237', 'PF00958', 'TIGR00329', 'PF01667', 'PF00398', 'PF01194', 'PF13656', 'PF00276', 'TIGR00432', 'TIGR03679', 'PF00749', 'PF01912', 'TIGR03677', 'PF01157', 'PF07541', 'PF00687', 'PF00752', 'PF00935', 'PF01725', 'PF00333', 'PF00318', 'PF03876', 'PF00573', 'PF00867'], 'GCN1': ['PF04983', 'PF00832', 'PF04563', 'PF04997', 'TIGR02389', 'PF00562', 'PF01090', 'PF04567', 'PF04565', 'PF01015', 'PF05000', 'PF04566', 'PF01191', 'PF04560', 'PF00833', 'PF04561', 'PF01198', 'PF02978', 'PF00623'], 'GCN2': ['PF00679', 'TIGR00408', 'TIGR00270', 'PF01780', 'PF00177', 'PF00164', 'TIGR00389', 'PF09377', 'PF03764', 'PF04127', 'PF01172', 'TIGR00289'], 'marker lineage': 'k__Archaea', 'GC': 0.49796632248249856, 'GCN4': [], '# scaffolds': 5, 'Completeness': 14.953271028037383, 'GCN3': [], 'GCN5+': [], '# contigs': 5, 'Translation table': 11, '# markers': 149, 'Coding density': 0.9377872313291096, 'Mean contig length': 43910.6, '# marker sets': 107, 'N50 (contigs)': 72564, '1': 19, '0': 118, '3': 0, '2': 12, 'Longest scaffold': 84841, '4': 0, '5+': 0, 'Contamination': 8.878504672897197, '# predicted genes': 212, 'N50 (scaffolds)': 72564, '# ambiguous bases': 0, 'Mean scaffold length': 43910.6}
3_metabat_9	{'GC std': 0.02035091986425525, '# genomes': 2993, 'Genome size': 1858931, 'Longest contig': 33264, 'GCN0': ['PF00298', 'PF00471', 'PF02096', 'TIGR00418', 'TIGR01087', 'PF12631', 'PF03147', 'PF02768', 'TIGR00922', 'PF01746', 'PF13932', 'PF01245', 'TIGR00019', 'PF03946', 'TIGR00445', 'PF03484', 'PF00830', 'PF13603', 'TIGR01059', 'PF00886', 'PF02403', 'PF10396', 'PF02978'], 'GCN1': ['PF01509', 'PF00203', 'PF00035', 'PF00411', 'PF02075', 'PF00189', 'PF02410', 'PF01043', 'PF01281', 'TIGR00392', 'PF00312', 'TIGR00575', 'PF00366', 'PF00177', 'PF01193', 'PF01765', 'PF01409', 'PF02130', 'PF04560', 'PF03947', 'TIGR01085', 'TIGR03723', 'PF03719', 'PF03485', 'PF07516', 'PF04998', 'PF06071', 'PF00276', 'PF06421', 'TIGR00593', 'TIGR00595', 'PF01250', 'PF00318', 'PF02033', 'PF01018', 'TIGR00615', 'PF00338', 'PF04997', 'PF01084', 'TIGR00344', 'PF04561', 'PF00252', 'TIGR00755', 'PF04565', 'PF11987', 'PF02699', 'PF03948', 'PF00347', 'PF00828', 'TIGR00020', 'PF00164', 'PF07497', 'TIGR03594', 'TIGR02075', 'PF01000', 'PF00572', 'PF00750', 'PF00238', 'PF00861', 'PF00466', 'PF01121', 'TIGR00329', 'PF00181', 'PF00453', 'PF08459', 'PF01330', 'PF05491', 'PF02912', 'PF02938', 'PF01016', 'PF04563', 'PF01795', 'PF00831', 'PF01386', 'PF06418', 'PF01195', 'TIGR02432', 'TIGR00460', 'TIGR03263', 'PF00542', 'TIGR00064', 'TIGR01079', 'PF03726', 'TIGR02350', 'PF02873', 'PF00687', 'PF01649', 'PF00380', 'TIGR01063', 'PF04760', 'PF00623', 'TIGR00442', 'PF00889', 'PF00253', 'PF04983', 'PF01196', 'PF00281', 'PF00673', 'PF00562', 'PF00416', 'PF00627', 'TIGR02397', 'PF02367', 'PF01668', 'PF05000', 'PF00333', 'PF00410', 'PF12344', 'PF08529', 'TIGR01133', 'TIGR00422', 'PF00344', 'PF00163', 'PF00829', 'PF00237', 'PF00684', 'TIGR00435', 'PF13184', 'PF10385', 'PF00573', 'TIGR02012'], 'GCN2': ['TIGR01951', 'PF00297', 'PF05697'], 'marker lineage': 'k__Bacteria', 'GC': 0.41418589501170294, 'GCN4': [], '# scaffolds': 292, 'Completeness': 79.67032967032966, 'GCN3': [], 'GCN5+': [], '# contigs': 292, 'Translation table': 11, '# markers': 147, 'Coding density': 0.9527583326115924, 'Mean contig length': 6366.20205479452, '# marker sets': 91, 'N50 (contigs)': 7777, '1': 121, '0': 23, '3': 0, '2': 3, 'Longest scaffold': 33264, '4': 0, '5+': 0, 'Contamination': 2.2977022977022976, '# predicted genes': 1976, 'N50 (scaffolds)': 7777, '# ambiguous bases': 0, 'Mean scaffold length': 6366.20205479452}
3_metabat_4	{'GC std': 0.022331171298499288, '# genomes': 207, 'Genome size': 7152374, 'Longest contig': 56573, 'GCN0': [], 'GCN1': ['PF00181'], 'GCN2': ['PF04019', 'TIGR02153', 'PF03947', 'TIGR00432'], 'marker lineage': 'k__Archaea', 'GC': 0.33562157124333825, 'GCN4': ['PF04983', 'TIGR01018', 'PF00562', 'PF01849', 'PF01092', 'PF04919', 'PF00366', 'TIGR00057', 'PF00177', 'PF03719', 'PF00164', 'PF01193', 'PF01798', 'PF01200', 'PF04560', 'PF01000', 'PF00572', 'PF01981', 'TIGR03724', 'PF01172', 'PF00861', 'PF03874', 'PF00327', 'PF00237', 'PF00833', 'TIGR00329', 'PF01194', 'TIGR03677', 'PF01725', 'PF00333', 'PF00573'], '# scaffolds': 1417, 'Completeness': 100.0, 'GCN3': ['TIGR00134', 'PF04563', 'TIGR03665', 'TIGR02389', 'PF01866', 'PF01090', 'PF04567', 'PF04565', 'PF00312', 'PF05000', 'PF04566', 'PF01780', 'PF01191', 'TIGR00064', 'PF09377', 'PF01246', 'PF00827', 'PF08069', 'PF00203', 'PF00958', 'PF01667', 'PF13656', 'PF00276', 'PF04561', 'PF01157', 'PF00935', 'PF03876'], 'GCN5+': ['PF03439', 'TIGR00442', 'PF00298', 'PF03484', 'TIGR03683', 'PF00679', 'PF00832', 'PF01287', 'PF05221', 'TIGR00549', 'PF02005', 'PF00281', 'PF00673', 'TIGR00408', 'PF04997', 'PF08068', 'PF06026', 'PF13685', 'PF00380', 'PF00411', 'PF03950', 'TIGR02338', 'PF00189', 'TIGR00344', 'PF00416', 'PF00831', 'PF00252', 'PF01201', 'PF01351', 'TIGR00392', 'PF00900', 'PF01280', 'PF01015', 'PF06418', 'PF11987', 'TIGR03685', 'PF00347', 'PF00297', 'TIGR00419', 'TIGR00468', 'PF01982', 'PF01868', 'TIGR01213', 'PF00410', 'PF00736', 'TIGR00336', 'TIGR01046', 'TIGR00522', 'PF01922', 'TIGR00425', 'TIGR00422', 'TIGR00389', 'PF04010', 'TIGR01080', 'PF01655', 'TIGR02076', 'PF01984', 'PF00750', 'PF00238', 'TIGR00670', 'PF01269', 'PF03764', 'PF04127', 'PF01192', 'PF08071', 'PF09173', 'PF05746', 'PF00466', 'PF09249', 'PF00398', 'TIGR03679', 'PF00749', 'PF01912', 'PF01198', 'PF07541', 'PF00687', 'TIGR00289', 'PF00752', 'PF00318', 'PF02978', 'PF00623', 'PF00867'], '# contigs': 1417, 'Translation table': 11, '# markers': 145, 'Coding density': 0.9254453136818628, 'Mean contig length': 5047.546930134086, '# marker sets': 103, 'N50 (contigs)': 5261, '1': 1, '0': 0, '3': 27, '2': 4, 'Longest scaffold': 56573, '4': 31, '5+': 82, 'Contamination': 408.1155090863829, '# predicted genes': 9700, 'N50 (scaffolds)': 5261, '# ambiguous bases': 0, 'Mean scaffold length': 5047.546930134086}
3_metabat_5	{'GC std': 0.02276666465100369, '# genomes': 5449, 'Genome size': 5390426, 'Longest contig': 24891, 'GCN0': ['PF00162', 'PF00562', 'PF04997', 'PF10385', 'TIGR00459', 'TIGR00755', 'TIGR00392', 'PF04565', 'PF00164', 'PF04560', 'PF00829', 'PF04561', 'PF05491', 'PF00623'], 'GCN1': ['PF01018', 'PF04983', 'PF01016', 'PF00338', 'PF04563', 'PF00281', 'PF00673', 'PF00189', 'PF01795', 'PF00831', 'PF00252', 'PF02367', 'PF00181', 'PF05000', 'PF00297', 'TIGR00460', 'PF00177', 'TIGR03263', 'PF00410', 'PF12344', 'PF01765', 'PF01409', 'TIGR03594', 'PF02130', 'PF03947', 'TIGR02075', 'TIGR00810', 'PF00203', 'PF01121', 'PF00237', 'PF04998', 'PF06071', 'TIGR00855', 'PF00276', 'TIGR00019', 'PF01649', 'PF02033', 'PF00573'], 'GCN2': ['PF01509', 'PF00889', 'TIGR00615', 'PF03484', 'PF01196', 'PF00380', 'PF01245', 'PF00411', 'TIGR00344', 'PF00416', 'PF01668', 'PF11987', 'PF00312', 'PF00347', 'PF00366', 'TIGR02432', 'PF00828', 'PF00886', 'PF00333', 'TIGR00967', 'PF08529', 'TIGR00922', 'PF01000', 'TIGR01079', 'TIGR03723', 'PF00238', 'PF01746', 'PF00572', 'PF03719', 'PF00861', 'PF00466', 'TIGR00329', 'PF13184', 'PF06421', 'PF05697', 'PF00453', 'PF08459', 'PF00318', 'PF02978', 'PF02912'], 'marker lineage': 'k__Bacteria', 'GC': 0.6205524387126361, 'GCN4': [], '# scaffolds': 1070, 'Completeness': 88.3572567783094, 'GCN3': ['PF00298', 'PF01281', 'PF13603', 'PF03948', 'PF03946', 'PF01193', 'PF01632', 'PF01195', 'TIGR00250', 'PF00687', 'PF01250'], 'GCN5+': [], '# contigs': 1070, 'Translation table': 11, '# markers': 103, 'Coding density': 0.9100833589033595, 'Mean contig length': 5037.781308411215, '# marker sets': 57, 'N50 (contigs)': 5389, '1': 38, '0': 14, '3': 11, '2': 40, 'Longest scaffold': 24891, '4': 0, '5+': 0, 'Contamination': 64.06698564593302, '# predicted genes': 5058, 'N50 (scaffolds)': 5389, '# ambiguous bases': 0, 'Mean scaffold length': 5037.781308411215}
3_metabat_6	{'GC std': 0.009184470047806084, '# genomes': 901, 'Genome size': 574832, 'Longest contig': 7153, 'GCN0': ['PF01632', 'PF03602', 'TIGR00442', 'PF01509', 'PF00298', 'PF01018', 'PF00889', 'PF03484', 'PF01016', 'TIGR00096', 'PF12327', 'TIGR01980', 'PF00281', 'PF00091', 'TIGR00963', 'PF01245', 'PF01808', 'PF02224', 'PF00411', 'PF00625', 'PF02075', 'PF00189', 'PF02033', 'TIGR01059', 'TIGR00344', 'PF01795', 'TIGR00878', 'PF06574', 'TIGR00539', 'PF00831', 'PF11987', 'PF00252', 'PF13167', 'PF08299', 'TIGR00611', 'PF01351', 'TIGR00392', 'TIGR00010', 'TIGR01978', 'PF01668', 'PF02367', 'PF00572', 'PF00312', 'PF01071', 'PF08478', 'PF02132', 'PF05698', 'TIGR01162', 'PF00347', 'PF00988', 'PF01709', 'PF00366', 'PF13603', 'PF03840', 'PF03946', 'TIGR00186', 'TIGR00020', 'PF00410', 'TIGR00234', 'PF01193', 'PF01765', 'PF01715', 'PF03461', 'TIGR03594', 'PF08529', 'TIGR01134', 'PF02565', 'TIGR00741', 'PF02130', 'TIGR01394', 'PF01264', 'TIGR00634', 'PF03947', 'TIGR01087', 'PF02410', 'PF00623', 'PF02844', 'PF13507', 'TIGR02075', 'TIGR00593', 'TIGR01173', 'PF03119', 'TIGR01079', 'PF01687', 'PF01250', 'TIGR03723', 'TIGR03725', 'PF00344', 'PF00203', 'TIGR00670', 'TIGR01455', 'PF00627', 'PF00828', 'PF00829', 'PF10609', 'PF00861', 'PF00673', 'PF00466', 'PF02403', 'PF01121', 'PF02527', 'PF00237', 'PF00707', 'PF04998', 'PF06071', 'PF00958', 'TIGR01510', 'TIGR00329', 'PF00318', 'PF00276', 'PF13184', 'PF00238', 'PF00687', 'PF01649', 'PF12627', 'PF06421', 'PF00380', 'PF05697', 'PF03719', 'PF00453', 'PF02843', 'PF08459', 'PF00333', 'PF01807', 'PF01330', 'PF05491', 'PF00181', 'PF09190', 'TIGR03631'], 'GCN1': ['TIGR00132', 'PF00162', 'PF00562', 'PF00338', 'PF02686', 'PF04563', 'PF01196', 'PF04997', 'PF01132', 'PF04561', 'PF02934', 'PF01281', 'TIGR00755', 'PF04565', 'PF03948', 'PF00297', 'PF02357', 'PF10385', 'PF12344', 'PF00164', 'TIGR00064', 'PF04560', 'PF01782', 'PF08207', 'PF09285', 'PF01000', 'TIGR00419', 'PF03726', 'TIGR01951', 'PF00177', 'TIGR00855', 'TIGR00250', 'TIGR00436', 'TIGR00019', 'PF00886', 'PF01416', 'PF11967', 'PF00584', 'PF02978', 'PF02912', 'PF00573', 'TIGR02012'], 'GCN2': [], 'marker lineage': 'k__Bacteria', 'GC': 0.5277750716731149, 'GCN4': [], '# scaffolds': 154, 'Completeness': 22.01674868341535, 'GCN3': [], 'GCN5+': [], '# contigs': 154, 'Translation table': 11, '# markers': 171, 'Coding density': 0.9460798981267571, 'Mean contig length': 3732.6753246753246, '# marker sets': 117, 'N50 (contigs)': 3703, '1': 42, '0': 129, '3': 0, '2': 0, 'Longest scaffold': 7153, '4': 0, '5+': 0, 'Contamination': 0.0, '# predicted genes': 700, 'N50 (scaffolds)': 3703, '# ambiguous bases': 0, 'Mean scaffold length': 3732.6753246753246}
3_metabat_7	{'GC std': 0.014982190804924812, '# genomes': 5449, 'Genome size': 2187495, 'Longest contig': 35820, 'GCN0': ['PF00162', 'PF00298', 'PF01018', 'PF03484', 'PF01196', 'PF00281', 'PF00673', 'PF01245', 'PF00411', 'PF00189', 'PF01795', 'PF00416', 'PF00831', 'PF00252', 'PF00181', 'PF00312', 'PF13603', 'PF00347', 'PF00366', 'TIGR00460', 'PF00828', 'PF03946', 'TIGR03263', 'PF00333', 'PF00410', 'TIGR00967', 'PF01193', 'PF01409', 'PF03947', 'TIGR00922', 'PF01000', 'TIGR01079', 'PF01632', 'TIGR03723', 'PF00238', 'PF00203', 'PF01746', 'PF03719', 'PF00861', 'PF00466', 'PF00237', 'TIGR00329', 'PF00276', 'PF00687', 'PF01649', 'PF00453', 'PF00318', 'PF02978', 'PF02912', 'PF00573'], 'GCN1': ['PF01509', 'PF00889', 'PF01016', 'PF01281', 'TIGR00392', 'PF02367', 'PF11987', 'PF03948', 'PF00886', 'PF01765', 'TIGR03594', 'PF08529', 'PF04560', 'TIGR02075', 'TIGR00810', 'PF00829', 'PF06071', 'TIGR00250', 'PF13184', 'PF05697', 'PF01250', 'PF02033'], 'GCN2': ['TIGR00615', 'PF04983', 'PF00338', 'PF04563', 'PF04997', 'PF00380', 'PF10385', 'TIGR00344', 'PF04565', 'PF01668', 'PF05000', 'PF00297', 'TIGR02432', 'PF00177', 'PF12344', 'PF00164', 'PF02130', 'PF01121', 'PF01195', 'PF00572', 'PF04998', 'TIGR00855', 'TIGR00084', 'PF04561', 'TIGR00019', 'PF06421', 'PF08459', 'PF05491', 'PF00623'], 'marker lineage': 'k__Bacteria', 'GC': 0.3924507256016585, 'GCN4': [], '# scaffolds': 398, 'Completeness': 63.949843260188096, 'GCN3': ['PF00562', 'TIGR00459', 'TIGR00755'], 'GCN5+': [], '# contigs': 398, 'Translation table': 11, '# markers': 104, 'Coding density': 0.9619226558232133, 'Mean contig length': 5496.218592964824, '# marker sets': 58, 'N50 (contigs)': 5889, '1': 22, '0': 50, '3': 3, '2': 29, 'Longest scaffold': 35820, '4': 0, '5+': 0, 'Contamination': 37.225705329153605, '# predicted genes': 2363, 'N50 (scaffolds)': 5889, '# ambiguous bases': 0, 'Mean scaffold length': 5496.218592964824}
3_metabat_1	{'GC std': 0.02072909474365776, '# genomes': 2258, 'Genome size': 970609, 'Longest contig': 65391, 'GCN0': ['PF01509', 'PF00298', 'PF00203', 'PF00035', 'PF00471', 'PF01043', 'PF01281', 'TIGR00392', 'PF00181', 'PF00312', 'TIGR00575', 'PF00177', 'PF01409', 'PF00830', 'PF05190', 'TIGR01394', 'PF03947', 'TIGR01083', 'TIGR01085', 'TIGR03723', 'TIGR03725', 'PF03719', 'TIGR01951', 'PF03485', 'PF07516', 'PF06071', 'PF00276', 'TIGR00593', 'TIGR00595', 'PF01250', 'PF01624', 'PF02033', 'PF01018', 'TIGR00615', 'PF00338', 'PF03147', 'PF01084', 'PF00334', 'TIGR00344', 'PF11987', 'PF02699', 'PF05698', 'PF03948', 'PF00347', 'TIGR00020', 'PF00164', 'PF07497', 'TIGR03598', 'TIGR00922', 'PF01119', 'PF00750', 'PF01746', 'PF00861', 'PF00466', 'PF01121', 'PF11967', 'PF00453', 'PF08459', 'PF05491', 'PF02912', 'PF01016', 'TIGR01302', 'PF01245', 'PF01795', 'TIGR00019', 'PF06418', 'PF00297', 'TIGR02432', 'PF03652', 'PF03946', 'TIGR03263', 'PF00542', 'PF02565', 'TIGR00064', 'PF01687', 'PF03726', 'PF01192', 'TIGR00329', 'PF00687', 'PF01416', 'TIGR00214', 'PF04760', 'TIGR00445', 'TIGR00442', 'PF00253', 'PF03484', 'TIGR00041', 'PF01668', 'PF02575', 'PF00333', 'PF08529', 'TIGR00422', 'PF00829', 'PF00684', 'TIGR01143', 'TIGR00436', 'PF13184', 'PF05697', 'PF00584', 'PF00573'], 'GCN1': ['TIGR00095', 'PF00411', 'PF02075', 'PF02096', 'PF00189', 'PF00366', 'PF04977', 'PF01193', 'PF02130', 'PF04560', 'PF02491', 'PF01782', 'PF04563', 'TIGR00362', 'PF04998', 'PF04561', 'PF06421', 'PF02576', 'PF04997', 'PF00380', 'PF02224', 'PF12631', 'PF00252', 'TIGR00755', 'PF02768', 'PF04565', 'TIGR01750', 'PF00828', 'TIGR03594', 'PF07499', 'PF01000', 'PF00572', 'PF00238', 'PF02527', 'PF01330', 'TIGR03302', 'PF00831', 'PF01386', 'TIGR00460', 'PF01715', 'TIGR01499', 'PF00712', 'TIGR01079', 'PF00673', 'PF02873', 'PF01649', 'PF00623', 'PF04983', 'PF01196', 'PF00281', 'PF00562', 'TIGR01059', 'PF02367', 'PF13603', 'PF05000', 'PF00886', 'PF00410', 'PF12344', 'TIGR01133', 'TIGR00420', 'PF00344', 'PF14450', 'PF01195', 'PF00163', 'PF01783', 'PF02403', 'PF00237', 'TIGR00435', 'TIGR02393', 'PF10396', 'PF10385', 'PF02978', 'TIGR01087', 'PF02092'], 'GCN2': ['PF12169', 'TIGR00409', 'PF01351', 'PF01765', 'PF02410', 'PF00318', 'TIGR02075', 'PF00627', 'TIGR01063', 'PF13932', 'PF02091', 'PF00889', 'TIGR01145'], 'marker lineage': 'k__Bacteria', 'GC': 0.4386802512649275, 'GCN4': [], '# scaffolds': 243, 'Completeness': 46.936134852801516, 'GCN3': ['TIGR00186'], 'GCN5+': [], '# contigs': 243, 'Translation table': 11, '# markers': 188, 'Coding density': 0.9152315711063879, 'Mean contig length': 3994.275720164609, '# marker sets': 117, 'N50 (contigs)': 3723, '1': 74, '0': 100, '3': 1, '2': 13, 'Longest scaffold': 65391, '4': 0, '5+': 0, 'Contamination': 11.11111111111111, '# predicted genes': 1063, 'N50 (scaffolds)': 3723, '# ambiguous bases': 0, 'Mean scaffold length': 3994.275720164609}
3_metabat_2	{'GC std': 0.01339839856702946, '# genomes': 5449, 'Genome size': 805440, 'Longest contig': 10969, 'GCN0': ['PF01509', 'PF00162', 'PF00298', 'PF01018', 'PF00889', 'PF03484', 'PF01016', 'PF00562', 'PF00338', 'PF04563', 'PF01196', 'PF00281', 'PF00673', 'PF04997', 'PF00380', 'PF10385', 'PF00411', 'PF00189', 'TIGR00344', 'PF01795', 'PF00416', 'PF00831', 'PF00252', 'TIGR00755', 'PF04565', 'PF02367', 'PF01668', 'PF00181', 'PF11987', 'PF00312', 'PF00347', 'PF00297', 'PF00366', 'TIGR02432', 'PF00177', 'PF00828', 'PF03946', 'PF00333', 'PF00410', 'PF12344', 'PF00164', 'TIGR00967', 'PF01193', 'PF01765', 'PF01409', 'TIGR03594', 'PF08529', 'PF02130', 'PF03947', 'PF04560', 'TIGR00922', 'TIGR02075', 'PF01000', 'TIGR00810', 'TIGR01079', 'PF01632', 'TIGR03723', 'PF00238', 'PF00203', 'PF01121', 'PF01195', 'PF00572', 'PF03719', 'PF00829', 'PF00861', 'PF00466', 'PF00237', 'PF06071', 'TIGR00855', 'TIGR00329', 'TIGR00084', 'PF00276', 'PF13184', 'PF04561', 'TIGR00019', 'PF00687', 'PF01649', 'PF06421', 'PF05697', 'PF00453', 'PF01250', 'PF08459', 'PF00318', 'PF05491', 'PF02912', 'PF00623', 'PF02033', 'PF00573'], 'GCN1': ['TIGR00615', 'PF04983', 'PF01245', 'PF01281', 'TIGR00459', 'TIGR00392', 'PF13603', 'PF03948', 'PF05000', 'TIGR00460', 'PF00886', 'TIGR03263', 'PF01746', 'PF04998', 'TIGR00250', 'PF02978'], 'GCN2': [], 'marker lineage': 'k__Bacteria', 'GC': 0.5785967918156536, 'GCN4': [], '# scaffolds': 210, 'Completeness': 21.15987460815047, 'GCN3': [], 'GCN5+': [], '# contigs': 210, 'Translation table': 11, '# markers': 104, 'Coding density': 0.9353372069924514, 'Mean contig length': 3835.4285714285716, '# marker sets': 58, 'N50 (contigs)': 3753, '1': 16, '0': 88, '3': 0, '2': 0, 'Longest scaffold': 10969, '4': 0, '5+': 0, 'Contamination': 0.0, '# predicted genes': 858, 'N50 (scaffolds)': 3753, '# ambiguous bases': 0, 'Mean scaffold length': 3835.4285714285716}
3_metabat_3	{'GC std': 0.015587047975997534, '# genomes': 901, 'Genome size': 1411454, 'Longest contig': 14187, 'GCN0': ['PF01632', 'TIGR00442', 'PF00162', 'PF00298', 'PF01018', 'PF01016', 'PF00338', 'TIGR01980', 'PF01196', 'PF00281', 'TIGR00963', 'PF01132', 'PF01245', 'PF01808', 'PF00411', 'PF00189', 'TIGR01059', 'TIGR00344', 'PF01795', 'PF01281', 'TIGR00539', 'PF00831', 'PF11987', 'PF00252', 'PF08299', 'TIGR00611', 'PF01351', 'TIGR00010', 'PF00312', 'PF02132', 'PF05698', 'PF03948', 'PF00347', 'PF00297', 'PF00988', 'PF01709', 'PF00366', 'PF13603', 'PF03840', 'PF03946', 'PF02357', 'TIGR00186', 'PF00410', 'TIGR00234', 'PF01193', 'TIGR03594', 'PF08529', 'PF02565', 'TIGR00741', 'TIGR00064', 'PF03947', 'TIGR01087', 'PF01782', 'PF02410', 'PF08207', 'PF09285', 'PF13507', 'PF01000', 'TIGR01079', 'TIGR00419', 'PF01250', 'PF00203', 'TIGR00670', 'PF00627', 'PF00828', 'PF00829', 'PF10609', 'TIGR01951', 'PF00861', 'PF00673', 'PF02527', 'PF00237', 'PF00707', 'TIGR00250', 'PF00318', 'PF00276', 'TIGR00436', 'PF13184', 'PF00238', 'PF00886', 'PF00687', 'PF01649', 'PF06421', 'PF03719', 'PF11967', 'PF00453', 'PF00584', 'PF00333', 'PF02978', 'PF02912', 'PF00181', 'PF00573', 'PF09190', 'TIGR02012', 'TIGR03631'], 'GCN1': ['TIGR00132', 'PF03602', 'PF01509', 'PF00889', 'PF00562', 'PF03484', 'TIGR00096', 'PF02686', 'PF04563', 'PF12327', 'PF00091', 'PF04997', 'PF04561', 'PF02224', 'PF02934', 'PF00625', 'PF02075', 'PF02033', 'TIGR00878', 'PF06574', 'PF13167', 'TIGR00755', 'TIGR00392', 'TIGR01978', 'PF04565', 'PF01668', 'PF02367', 'PF00572', 'PF01071', 'PF08478', 'TIGR01162', 'TIGR00020', 'PF10385', 'PF12344', 'PF00164', 'PF01765', 'PF03461', 'TIGR01134', 'PF02130', 'TIGR01394', 'PF01264', 'PF04560', 'PF00623', 'PF02844', 'TIGR02075', 'TIGR00593', 'TIGR01173', 'PF03119', 'PF01687', 'TIGR03723', 'TIGR03725', 'PF03726', 'PF00344', 'TIGR01455', 'PF00177', 'PF00466', 'PF02403', 'PF01121', 'PF06071', 'PF00958', 'TIGR00855', 'TIGR01510', 'TIGR00329', 'TIGR00019', 'PF12627', 'PF00380', 'PF05697', 'PF01416', 'PF02843', 'PF08459', 'PF01807', 'PF01330', 'PF05491'], 'GCN2': ['PF01715', 'TIGR00634', 'PF04998'], 'marker lineage': 'k__Bacteria', 'GC': 0.6338385806409561, 'GCN4': [], '# scaffolds': 329, 'Completeness': 49.002849002849, 'GCN3': [], 'GCN5+': [], '# contigs': 329, 'Translation table': 11, '# markers': 171, 'Coding density': 0.9184620965330786, 'Mean contig length': 4290.133738601824, '# marker sets': 117, 'N50 (contigs)': 4429, '1': 73, '0': 95, '3': 0, '2': 3, 'Longest scaffold': 14187, '4': 0, '5+': 0, 'Contamination': 1.8043684710351378, '# predicted genes': 1570, 'N50 (scaffolds)': 4429, '# ambiguous bases': 0, 'Mean scaffold length': 4290.133738601824}
3_metabat_18	{'GC std': 0.013925619595204032, '# genomes': 901, 'Genome size': 1239894, 'Longest contig': 21174, 'GCN0': ['PF03602', 'PF01509', 'PF00298', 'TIGR01980', 'TIGR00963', 'PF01132', 'PF01245', 'PF02075', 'PF02033', 'TIGR01059', 'PF01281', 'TIGR00539', 'PF13167', 'PF08299', 'TIGR00611', 'TIGR00755', 'PF01351', 'TIGR00392', 'TIGR00010', 'PF01668', 'PF05698', 'PF03948', 'PF01709', 'PF13603', 'PF03840', 'PF03946', 'TIGR00020', 'TIGR00234', 'TIGR03594', 'TIGR00741', 'TIGR01394', 'TIGR00634', 'PF01782', 'PF02410', 'PF08207', 'PF09285', 'TIGR00593', 'TIGR01173', 'PF01250', 'TIGR01951', 'PF00466', 'PF02527', 'PF00958', 'TIGR00855', 'TIGR00250', 'PF00886', 'PF00687', 'PF05697', 'PF01807', 'PF01330', 'PF05491', 'PF02978', 'PF09190'], 'GCN1': ['TIGR00132', 'PF01632', 'TIGR00442', 'PF00162', 'PF01018', 'PF00889', 'PF00562', 'PF03484', 'PF01016', 'TIGR00096', 'PF00338', 'PF02686', 'PF04563', 'PF12327', 'PF01196', 'PF00281', 'PF00091', 'PF01808', 'PF04561', 'PF02224', 'PF00411', 'PF02934', 'PF00625', 'PF00189', 'TIGR00344', 'PF01795', 'TIGR00878', 'PF06574', 'PF00831', 'PF11987', 'PF00252', 'PF04565', 'PF02367', 'PF00572', 'PF00312', 'PF01071', 'PF08478', 'PF02132', 'TIGR01162', 'PF00347', 'PF00297', 'PF00988', 'PF00366', 'PF02357', 'TIGR00186', 'PF10385', 'PF00410', 'PF12344', 'PF00164', 'PF01193', 'PF01765', 'PF01715', 'PF03461', 'PF08529', 'TIGR01134', 'PF02565', 'PF02130', 'TIGR00064', 'PF01264', 'PF03947', 'PF04560', 'TIGR01087', 'PF00623', 'PF02844', 'PF13507', 'TIGR02075', 'PF01000', 'PF03119', 'TIGR01079', 'PF01687', 'TIGR00419', 'TIGR03723', 'TIGR03725', 'PF03726', 'PF00344', 'PF00203', 'TIGR00670', 'TIGR01455', 'PF00627', 'PF00828', 'PF00829', 'PF00861', 'PF00177', 'PF00673', 'PF02403', 'PF01121', 'PF00237', 'PF00707', 'PF04998', 'PF06071', 'TIGR01510', 'TIGR00329', 'PF00318', 'PF00276', 'TIGR00436', 'PF13184', 'TIGR00019', 'PF00238', 'PF01649', 'PF12627', 'PF06421', 'PF00380', 'PF03719', 'PF01416', 'PF11967', 'PF00453', 'PF02843', 'PF00584', 'PF08459', 'PF00333', 'PF02912', 'PF00181', 'PF00573', 'TIGR02012', 'TIGR03631'], 'GCN2': ['PF04997', 'TIGR01978', 'PF10609'], 'marker lineage': 'k__Bacteria', 'GC': 0.4486181883290023, 'GCN4': [], '# scaffolds': 229, 'Completeness': 61.45299145299146, 'GCN3': [], 'GCN5+': [], '# contigs': 229, 'Translation table': 11, '# markers': 171, 'Coding density': 0.9486633534802169, 'Mean contig length': 5414.384279475982, '# marker sets': 117, 'N50 (contigs)': 6100, '1': 115, '0': 53, '3': 0, '2': 3, 'Longest scaffold': 21174, '4': 0, '5+': 0, 'Contamination': 1.3770180436847104, '# predicted genes': 1400, 'N50 (scaffolds)': 6100, '# ambiguous bases': 0, 'Mean scaffold length': 5414.384279475982}
3_metabat_19	{'GC std': 0.015357530976384868, '# genomes': 2993, 'Genome size': 1668091, 'Longest contig': 123513, 'GCN0': ['PF01509', 'PF02096', 'PF00312', 'PF12631', 'PF02033', 'PF02768', 'PF11987', 'TIGR00020', 'TIGR03594', 'PF13932', 'PF03726', 'TIGR01063', 'PF04760', 'PF13603', 'TIGR01059', 'PF08529', 'TIGR01133', 'PF13184', 'PF10396'], 'GCN1': ['PF00298', 'PF00203', 'PF00035', 'PF00471', 'PF00411', 'PF02075', 'PF00189', 'PF02410', 'PF01043', 'PF01281', 'TIGR00392', 'TIGR00575', 'TIGR00418', 'PF00366', 'PF00177', 'PF01193', 'PF01765', 'PF01409', 'PF02130', 'PF04560', 'PF03947', 'TIGR01085', 'TIGR01087', 'TIGR03723', 'PF03719', 'TIGR01951', 'PF03485', 'PF07516', 'PF04998', 'PF06071', 'PF00276', 'PF06421', 'TIGR00593', 'TIGR00595', 'PF01250', 'PF00318', 'PF01018', 'TIGR00615', 'PF00338', 'PF04997', 'PF01084', 'TIGR00344', 'PF04561', 'PF00252', 'TIGR00755', 'PF04565', 'PF02699', 'PF03948', 'PF00347', 'PF00828', 'PF00164', 'PF07497', 'TIGR00922', 'TIGR02075', 'PF01000', 'PF00572', 'PF00750', 'PF00238', 'PF01746', 'PF00861', 'PF00466', 'PF01121', 'TIGR00329', 'PF00181', 'PF00453', 'PF08459', 'PF01330', 'PF05491', 'PF02912', 'PF02938', 'PF01016', 'PF04563', 'PF01245', 'PF01795', 'PF00831', 'PF01386', 'TIGR00019', 'PF06418', 'PF01195', 'PF00297', 'TIGR02432', 'TIGR00460', 'PF03946', 'TIGR03263', 'PF00542', 'TIGR00064', 'TIGR01079', 'TIGR02350', 'PF02873', 'PF00687', 'PF01649', 'PF00380', 'PF00623', 'TIGR00445', 'TIGR00442', 'PF00889', 'PF00253', 'PF03484', 'PF04983', 'PF01196', 'PF00281', 'PF00673', 'PF00562', 'PF00416', 'PF00627', 'TIGR02397', 'PF00830', 'PF02367', 'PF01668', 'PF05000', 'PF00886', 'PF00333', 'PF00410', 'PF12344', 'TIGR00422', 'PF00344', 'PF00163', 'PF00829', 'PF02403', 'PF00237', 'PF00684', 'TIGR00435', 'PF10385', 'PF05697', 'PF02978', 'PF00573', 'TIGR02012'], 'GCN2': ['PF03147'], 'marker lineage': 'k__Bacteria', 'GC': 0.4112407536519291, 'GCN4': [], '# scaffolds': 58, 'Completeness': 82.41758241758242, 'GCN3': [], 'GCN5+': [], '# contigs': 58, 'Translation table': 11, '# markers': 147, 'Coding density': 0.9620392412644154, 'Mean contig length': 28760.189655172413, '# marker sets': 91, 'N50 (contigs)': 49115, '1': 127, '0': 19, '3': 0, '2': 1, 'Longest scaffold': 123513, '4': 0, '5+': 0, 'Contamination': 0.5494505494505495, '# predicted genes': 1539, 'N50 (scaffolds)': 49115, '# ambiguous bases': 0, 'Mean scaffold length': 28760.189655172413}
3_metabat_16	{'GC std': 0.015742686827442606, '# genomes': 207, 'Genome size': 2743936, 'Longest contig': 128464, 'GCN0': ['PF00679', 'PF00832', 'PF01287', 'TIGR00408', 'PF13685', 'TIGR02338', 'PF01849', 'PF01090', 'PF00181', 'TIGR00270', 'PF01780', 'PF00177', 'PF00164', 'TIGR00422', 'TIGR00389', 'PF09377', 'PF01984', 'PF03764', 'PF04127', 'PF01172', 'PF09249', 'PF00833', 'TIGR00329', 'TIGR03679', 'TIGR03677', 'PF01198', 'TIGR00289', 'PF02978'], 'GCN1': ['PF04983', 'PF04563', 'PF04997', 'TIGR02389', 'PF00562', 'TIGR02153', 'PF04567', 'PF04565', 'PF01015', 'PF05000', 'TIGR00419', 'PF04566', 'PF01191', 'PF04560', 'PF09173', 'PF04561', 'PF00623'], 'GCN2': ['TIGR00134', 'PF03439', 'TIGR00442', 'PF00298', 'PF03484', 'PF04019', 'TIGR03683', 'PF01282', 'PF05221', 'TIGR00549', 'TIGR01018', 'PF00281', 'PF00673', 'PF08068', 'PF06026', 'TIGR03665', 'PF00380', 'PF00411', 'PF01864', 'PF03950', 'PF01866', 'PF00189', 'TIGR00344', 'PF00416', 'PF00831', 'PF01201', 'PF01351', 'PF01092', 'TIGR00392', 'PF00900', 'PF04919', 'PF01280', 'PF06418', 'PF11987', 'PF00312', 'TIGR03685', 'PF00347', 'PF00297', 'PF00366', 'TIGR00057', 'PF03719', 'TIGR00468', 'PF01982', 'PF01868', 'TIGR01213', 'PF00410', 'PF00736', 'TIGR00336', 'TIGR01046', 'PF01193', 'PF05670', 'TIGR00522', 'PF01798', 'PF01922', 'TIGR00425', 'PF01200', 'TIGR00064', 'PF03947', 'PF04010', 'TIGR01080', 'PF01655', 'PF01246', 'TIGR02076', 'PF01000', 'PF00572', 'PF01981', 'PF00750', 'PF00238', 'TIGR03724', 'PF00827', 'PF08069', 'PF00203', 'TIGR00670', 'PF01269', 'PF01192', 'PF00861', 'PF08071', 'PF03874', 'PF05746', 'PF00466', 'PF00327', 'PF00237', 'PF00958', 'PF01667', 'PF00398', 'PF01194', 'PF13656', 'PF00276', 'TIGR00432', 'PF00749', 'PF01912', 'PF01157', 'PF07541', 'PF00687', 'PF00752', 'PF00935', 'PF01725', 'PF00333', 'PF00318', 'PF03876', 'PF00573', 'PF00867'], 'marker lineage': 'k__Archaea', 'GC': 0.543889872066987, 'GCN4': [], '# scaffolds': 110, 'Completeness': 77.57009345794393, 'GCN3': ['PF02005', 'PF00252'], 'GCN5+': [], '# contigs': 110, 'Translation table': 11, '# markers': 149, 'Coding density': 0.9371566975323039, 'Mean contig length': 24944.872727272726, '# marker sets': 107, 'N50 (contigs)': 36518, '1': 17, '0': 28, '3': 2, '2': 102, 'Longest scaffold': 128464, '4': 0, '5+': 0, 'Contamination': 74.76635514018692, '# predicted genes': 2393, 'N50 (scaffolds)': 36518, '# ambiguous bases': 0, 'Mean scaffold length': 24944.872727272726}
3_metabat_17	{'GC std': 0.015875193441625444, '# genomes': 5449, 'Genome size': 955026, 'Longest contig': 12069, 'GCN0': ['PF01509', 'PF00298', 'PF01018', 'PF00889', 'PF03484', 'PF04983', 'PF00562', 'PF00338', 'PF04563', 'PF01196', 'PF00281', 'PF00673', 'PF04997', 'PF01245', 'PF10385', 'PF00411', 'PF00189', 'TIGR00344', 'PF00416', 'PF00831', 'PF00252', 'TIGR00459', 'TIGR00755', 'TIGR00392', 'PF04565', 'PF02367', 'PF01668', 'PF00181', 'PF11987', 'PF00312', 'PF13603', 'PF00347', 'PF05000', 'PF00297', 'PF00366', 'TIGR00460', 'PF00177', 'PF00828', 'PF03946', 'PF00886', 'PF00333', 'PF00410', 'PF12344', 'PF00164', 'TIGR00967', 'PF01193', 'PF01765', 'PF01409', 'PF02130', 'PF03947', 'PF04560', 'TIGR00922', 'TIGR02075', 'PF01000', 'TIGR01079', 'PF01632', 'TIGR03723', 'PF00238', 'PF00203', 'PF01121', 'PF01746', 'PF03719', 'PF00861', 'PF00466', 'PF00237', 'PF04998', 'TIGR00855', 'TIGR00329', 'TIGR00084', 'TIGR00250', 'PF00276', 'PF04561', 'PF00687', 'PF01649', 'PF05697', 'PF00453', 'PF08459', 'PF00318', 'PF05491', 'PF02978', 'PF02912', 'PF00623', 'PF02033', 'PF00573'], 'GCN1': ['PF00162', 'TIGR00615', 'PF01016', 'PF00380', 'PF01795', 'PF01281', 'PF03948', 'TIGR02432', 'TIGR03594', 'PF08529', 'TIGR00810', 'PF01195', 'PF00572', 'PF00829', 'PF06071', 'PF13184', 'TIGR00019', 'PF06421', 'PF01250'], 'GCN2': [], 'marker lineage': 'k__Bacteria', 'GC': 0.5864562849597812, 'GCN4': [], '# scaffolds': 238, 'Completeness': 27.586206896551722, 'GCN3': ['TIGR03263'], 'GCN5+': [], '# contigs': 238, 'Translation table': 11, '# markers': 104, 'Coding density': 0.935000722493419, 'Mean contig length': 4012.714285714286, '# marker sets': 58, 'N50 (contigs)': 3945, '1': 19, '0': 84, '3': 1, '2': 0, 'Longest scaffold': 12069, '4': 0, '5+': 0, 'Contamination': 3.4482758620689653, '# predicted genes': 1080, 'N50 (scaffolds)': 3945, '# ambiguous bases': 0, 'Mean scaffold length': 4012.714285714286}
3_metabat_14	{'GC std': 0.02134240942745874, '# genomes': 2921, 'Genome size': 3709013, 'Longest contig': 58669, 'GCN0': ['PF01281', 'TIGR01085', 'PF01250', 'PF01386', 'PF03948', 'PF01330', 'PF00253', 'PF01195'], 'GCN1': ['PF01509', 'PF00298', 'PF00035', 'PF00471', 'PF00411', 'PF02075', 'PF02096', 'PF00189', 'TIGR00392', 'PF00181', 'PF00312', 'TIGR00575', 'TIGR00418', 'PF00366', 'PF00177', 'PF00276', 'PF01193', 'PF01765', 'PF01409', 'PF00830', 'PF02130', 'PF04560', 'PF03947', 'TIGR03723', 'PF00203', 'PF03719', 'TIGR01951', 'PF07516', 'PF04998', 'PF06071', 'PF06421', 'TIGR00593', 'TIGR00595', 'PF00318', 'PF02033', 'PF01018', 'PF00338', 'PF03147', 'PF04997', 'PF01084', 'TIGR00344', 'PF04561', 'PF00252', 'TIGR00755', 'PF02768', 'PF04565', 'PF11987', 'PF02699', 'PF00347', 'PF00828', 'TIGR00020', 'PF00164', 'TIGR03594', 'TIGR00922', 'TIGR02075', 'PF01000', 'PF00572', 'PF00238', 'PF01746', 'PF00861', 'PF00466', 'TIGR00329', 'PF00453', 'PF08459', 'PF05491', 'PF02912', 'PF13932', 'PF02938', 'PF01016', 'PF04563', 'PF01245', 'PF01795', 'PF00831', 'TIGR00615', 'TIGR00019', 'PF06418', 'PF00297', 'TIGR02432', 'TIGR00460', 'PF03946', 'TIGR03263', 'TIGR01079', 'PF01687', 'PF03726', 'PF01121', 'PF03652', 'TIGR02350', 'PF02873', 'PF00687', 'PF01649', 'PF04760', 'PF00623', 'PF00889', 'PF03484', 'PF04983', 'PF01196', 'PF00281', 'PF00673', 'PF00562', 'TIGR01059', 'PF06574', 'PF00627', 'PF02367', 'PF01668', 'TIGR01063', 'PF13603', 'PF05000', 'PF00886', 'PF00333', 'PF10385', 'PF00410', 'PF12344', 'PF08529', 'TIGR00064', 'PF00416', 'PF00344', 'PF00163', 'PF00829', 'PF02403', 'PF00237', 'PF00684', 'TIGR00435', 'PF13184', 'TIGR02397', 'PF02978', 'PF00573', 'TIGR02012'], 'GCN2': ['PF02410', 'PF03485', 'PF12631', 'PF00380', 'PF00750', 'TIGR00442', 'PF05697'], 'marker lineage': 'k__Bacteria', 'GC': 0.6809229301703714, 'GCN4': [], '# scaffolds': 349, 'Completeness': 94.47261663286004, 'GCN3': [], 'GCN5+': [], '# contigs': 349, 'Translation table': 11, '# markers': 142, 'Coding density': 0.8974603216543053, 'Mean contig length': 10627.544412607449, '# marker sets': 87, 'N50 (contigs)': 15944, '1': 127, '0': 8, '3': 0, '2': 7, 'Longest scaffold': 58669, '4': 0, '5+': 0, 'Contamination': 6.32183908045977, '# predicted genes': 3035, 'N50 (scaffolds)': 15944, '# ambiguous bases': 0, 'Mean scaffold length': 10627.544412607449}
3_metabat_15	{'GC std': 0.016064999486277657, '# genomes': 5449, 'Genome size': 2891938, 'Longest contig': 38392, 'GCN0': ['PF01018', 'TIGR00615', 'PF01016', 'TIGR00392', 'PF13603', 'TIGR03263', 'PF00829', 'TIGR00855', 'PF04561', 'PF06421'], 'GCN1': ['PF00162', 'PF00298', 'PF00889', 'PF03484', 'PF04983', 'PF04563', 'PF04997', 'PF01245', 'PF00562', 'TIGR00344', 'PF01795', 'TIGR00459', 'PF04565', 'PF02367', 'PF05000', 'TIGR02432', 'TIGR00460', 'PF00828', 'PF03946', 'PF00886', 'PF12344', 'TIGR00967', 'PF01409', 'TIGR03594', 'PF03947', 'PF04560', 'TIGR00922', 'TIGR02075', 'PF01632', 'TIGR03723', 'PF01121', 'PF01746', 'PF01195', 'PF00466', 'PF04998', 'TIGR00329', 'TIGR00084', 'TIGR00250', 'PF00687', 'PF01649', 'PF10385', 'PF05697', 'PF00453', 'PF05491', 'PF02978', 'PF02912', 'PF00623'], 'GCN2': ['PF01509', 'PF00338', 'PF01196', 'PF00281', 'PF00673', 'PF00380', 'PF00411', 'PF00189', 'PF01281', 'PF00831', 'PF00252', 'TIGR00755', 'PF01668', 'PF00181', 'PF11987', 'PF00312', 'PF03948', 'PF00347', 'PF00297', 'PF00366', 'PF00177', 'PF00333', 'PF00410', 'PF00164', 'PF01193', 'PF01765', 'PF08529', 'PF02130', 'PF01000', 'TIGR00810', 'TIGR01079', 'PF00572', 'PF00238', 'PF00203', 'PF03719', 'PF00861', 'PF00237', 'PF06071', 'PF00276', 'PF13184', 'TIGR00019', 'PF08459', 'PF00318', 'PF02033', 'PF00573'], 'marker lineage': 'k__Bacteria', 'GC': 0.6146950591610194, 'GCN4': [], '# scaffolds': 505, 'Completeness': 86.91222570532915, 'GCN3': ['PF01250'], 'GCN5+': [], '# contigs': 505, 'Translation table': 11, '# markers': 103, 'Coding density': 0.9192295962084941, 'Mean contig length': 5726.609900990099, '# marker sets': 58, 'N50 (contigs)': 6222, '1': 47, '0': 10, '3': 1, '2': 45, 'Longest scaffold': 38392, '4': 0, '5+': 0, 'Contamination': 38.322884012539184, '# predicted genes': 3118, 'N50 (scaffolds)': 6222, '# ambiguous bases': 0, 'Mean scaffold length': 5726.609900990099}
3_metabat_12	{'GC std': 0.033465156057142474, '# genomes': 5656, 'Genome size': 9358562, 'Longest contig': 42490, 'GCN0': [], 'GCN1': [], 'GCN2': ['PF03484'], 'marker lineage': 'root', 'GC': 0.3339598540886944, 'GCN4': ['TIGR00468', 'PF02978'], '# scaffolds': 2073, 'Completeness': 100.0, 'GCN3': [], 'GCN5+': ['PF00410', 'PF00861', 'PF00164', 'PF00416', 'PF00466', 'PF00831', 'PF01509', 'PF00162', 'TIGR00967', 'PF01193', 'PF00298', 'PF00252', 'PF00237', 'TIGR00755', 'TIGR00329', 'TIGR00392', 'PF04983', 'PF04565', 'PF00276', 'PF00338', 'PF04560', 'PF04997', 'PF04563', 'PF03947', 'PF00181', 'PF11987', 'PF13184', 'PF00312', 'PF04561', 'PF00281', 'PF00673', 'PF00687', 'PF00347', 'PF05000', 'PF00380', 'PF00297', 'PF01000', 'PF00562', 'PF00366', 'PF00572', 'PF00411', 'PF00238', 'PF03946', 'PF00203', 'PF00318', 'PF00177', 'PF00623', 'PF00573', 'PF00189', 'TIGR00344', 'PF03719', 'PF00333', 'PF08459'], '# contigs': 2073, 'Translation table': 11, '# markers': 56, 'Coding density': 0.9651327842888683, 'Mean contig length': 4514.5016883743365, '# marker sets': 24, 'N50 (contigs)': 4533, '1': 0, '0': 0, '3': 0, '2': 1, 'Longest scaffold': 42490, '4': 2, '5+': 53, 'Contamination': 711.1689814814814, '# predicted genes': 11357, 'N50 (scaffolds)': 4533, '# ambiguous bases': 0, 'Mean scaffold length': 4514.5016883743365}
3_metabat_13	{'GC std': 0.020019521693274117, '# genomes': 5449, 'Genome size': 3889455, 'Longest contig': 54374, 'GCN0': ['PF00162', 'TIGR03263', 'PF06071', 'TIGR00250'], 'GCN1': ['PF00889', 'PF01196', 'PF00380', 'TIGR00344', 'PF01281', 'TIGR00755', 'PF03948', 'PF01193', 'TIGR00922', 'PF01000', 'TIGR00810', 'TIGR03723', 'PF01195', 'PF00572', 'TIGR00329', 'TIGR00019', 'PF01649', 'PF08459'], 'GCN2': ['PF01509', 'PF00298', 'PF01018', 'TIGR00615', 'PF04983', 'PF01016', 'PF00562', 'PF00338', 'PF00281', 'PF00673', 'PF01245', 'PF10385', 'PF00411', 'PF01795', 'PF00416', 'PF00831', 'PF00252', 'TIGR00459', 'TIGR00392', 'PF04565', 'PF02367', 'PF01668', 'PF00181', 'PF11987', 'PF00312', 'PF13603', 'PF00347', 'PF05000', 'PF00297', 'PF00366', 'TIGR02432', 'TIGR00460', 'PF00177', 'PF03946', 'PF00886', 'PF00333', 'PF00410', 'PF00164', 'TIGR00967', 'PF01765', 'PF08529', 'PF02130', 'PF03947', 'PF04560', 'TIGR02075', 'TIGR01079', 'PF01632', 'PF00238', 'PF00203', 'PF01121', 'PF01746', 'PF03719', 'PF00829', 'PF00861', 'PF00466', 'PF00237', 'PF04998', 'TIGR00855', 'TIGR00084', 'PF00276', 'PF13184', 'PF04561', 'PF00687', 'PF06421', 'PF05697', 'PF01250', 'PF00318', 'PF05491', 'PF02978', 'PF00623', 'PF02033', 'PF00573'], 'marker lineage': 'k__Bacteria', 'GC': 0.5667922626691915, 'GCN4': [], '# scaffolds': 577, 'Completeness': 93.10344827586206, 'GCN3': ['PF03484', 'PF04563', 'PF04997', 'PF00189', 'PF00828', 'PF12344', 'PF01409', 'TIGR03594', 'PF00453', 'PF02912'], 'GCN5+': [], '# contigs': 577, 'Translation table': 11, '# markers': 104, 'Coding density': 0.9291715677389248, 'Mean contig length': 6740.823223570191, '# marker sets': 58, 'N50 (contigs)': 8303, '1': 18, '0': 4, '3': 10, '2': 72, 'Longest scaffold': 54374, '4': 0, '5+': 0, 'Contamination': 80.62695924764891, '# predicted genes': 4064, 'N50 (scaffolds)': 8303, '# ambiguous bases': 0, 'Mean scaffold length': 6740.823223570191}
3_metabat_10	{'GC std': 0.01701326719776125, '# genomes': 5449, 'Genome size': 1941133, 'Longest contig': 25294, 'GCN0': ['PF01509', 'PF01018', 'TIGR00615', 'PF03484', 'PF01016', 'PF00281', 'PF00673', 'PF01245', 'PF00189', 'TIGR00344', 'PF01281', 'PF00831', 'PF00252', 'TIGR00755', 'PF00181', 'PF11987', 'PF03948', 'PF00366', 'TIGR02432', 'TIGR03594', 'PF03947', 'TIGR00810', 'TIGR01079', 'PF00238', 'PF00203', 'PF01746', 'PF01195', 'PF00572', 'PF00829', 'PF00466', 'PF00237', 'TIGR00855', 'PF01649', 'PF05697', 'PF02033'], 'GCN1': ['PF00162', 'PF00889', 'PF00380', 'PF01795', 'PF02367', 'PF01668', 'PF00312', 'PF13603', 'PF00347', 'PF05000', 'PF00297', 'PF00177', 'PF00828', 'PF00333', 'PF00410', 'PF00164', 'TIGR00967', 'PF01765', 'PF01409', 'PF02130', 'TIGR02075', 'PF03719', 'PF00861', 'PF04998', 'PF06071', 'TIGR00084', 'PF00276', 'PF06421', 'PF00318', 'PF05491', 'PF02912', 'PF00573'], 'GCN2': ['PF00298', 'PF04983', 'PF00562', 'PF00338', 'PF04563', 'PF01196', 'PF10385', 'PF00411', 'PF00416', 'TIGR00459', 'TIGR00392', 'PF04565', 'TIGR00460', 'PF03946', 'PF00886', 'TIGR03263', 'PF12344', 'PF01193', 'PF08529', 'TIGR00922', 'PF01000', 'PF01632', 'TIGR03723', 'PF01121', 'TIGR00329', 'TIGR00250', 'PF13184', 'PF04561', 'TIGR00019', 'PF00687', 'PF00453', 'PF01250', 'PF08459', 'PF02978'], 'marker lineage': 'k__Bacteria', 'GC': 0.6243786489642904, 'GCN4': [], '# scaffolds': 449, 'Completeness': 64.49843260188086, 'GCN3': ['PF04997', 'PF04560', 'PF00623'], 'GCN5+': [], '# contigs': 449, 'Translation table': 11, '# markers': 104, 'Coding density': 0.9428900544166732, 'Mean contig length': 4323.236080178173, '# marker sets': 58, 'N50 (contigs)': 4431, '1': 32, '0': 35, '3': 3, '2': 34, 'Longest scaffold': 25294, '4': 0, '5+': 0, 'Contamination': 34.63949843260188, '# predicted genes': 2234, 'N50 (scaffolds)': 4431, '# ambiguous bases': 0, 'Mean scaffold length': 4323.236080178173}
3_metabat_11	{'GC std': 0.02019892814267716, '# genomes': 207, 'Genome size': 3287327, 'Longest contig': 24320, 'GCN0': ['PF01287', 'PF13685', 'TIGR02338', 'PF01849', 'PF00181', 'PF00297', 'TIGR00422', 'PF09377', 'PF01984', 'PF01172', 'PF09249', 'PF00276', 'TIGR03679', 'PF01912', 'TIGR03677', 'TIGR00289', 'PF00573'], 'GCN1': ['TIGR00134', 'PF03484', 'PF04019', 'TIGR03683', 'PF02005', 'PF04997', 'PF06026', 'TIGR02389', 'PF01864', 'TIGR00344', 'TIGR00392', 'PF06418', 'PF11987', 'TIGR00057', 'PF01981', 'PF00827', 'TIGR00670', 'PF13656', 'PF00752', 'PF00867'], 'GCN2': ['PF03439', 'TIGR00442', 'PF00298', 'PF04983', 'PF00679', 'PF01282', 'PF00832', 'TIGR00549', 'TIGR01018', 'PF08068', 'PF00411', 'PF03950', 'PF01866', 'PF00189', 'PF00252', 'PF01201', 'PF01092', 'PF01015', 'TIGR03685', 'TIGR00270', 'PF05000', 'TIGR00419', 'PF01780', 'PF01191', 'PF00177', 'PF01982', 'PF00736', 'PF00164', 'TIGR01046', 'PF01193', 'TIGR00522', 'PF01798', 'TIGR00425', 'PF04560', 'TIGR00389', 'PF03947', 'PF04010', 'PF01000', 'TIGR03724', 'PF00203', 'PF03764', 'PF09173', 'PF00466', 'PF00237', 'PF00958', 'PF00833', 'PF00398', 'TIGR00432', 'PF00749', 'PF01198', 'PF00687', 'PF01725', 'PF03876', 'PF02978', 'PF00623'], 'marker lineage': 'k__Archaea', 'GC': 0.450635729271837, 'GCN4': ['PF00900', 'TIGR00468', 'TIGR00064', 'PF00572', 'PF00750', 'PF01269', 'PF05746', 'TIGR00329'], '# scaffolds': 596, 'Completeness': 88.78504672897196, 'GCN3': ['PF05221', 'PF04563', 'PF00281', 'PF00673', 'TIGR00408', 'TIGR03665', 'PF00380', 'PF00562', 'TIGR02153', 'PF00416', 'PF00831', 'PF01090', 'PF01351', 'PF04567', 'PF04565', 'PF04919', 'PF01280', 'PF00312', 'PF00347', 'PF04566', 'PF00366', 'PF03719', 'PF01868', 'TIGR01213', 'PF00410', 'TIGR00336', 'PF05670', 'PF01922', 'PF01200', 'TIGR01080', 'PF01655', 'PF01246', 'TIGR02076', 'PF00238', 'PF08069', 'PF04127', 'PF01192', 'PF00861', 'PF08071', 'PF03874', 'PF00327', 'PF01667', 'PF01194', 'PF04561', 'PF01157', 'PF07541', 'PF00935', 'PF00333', 'PF00318'], 'GCN5+': [], '# contigs': 596, 'Translation table': 11, '# markers': 149, 'Coding density': 0.946273066232839, 'Mean contig length': 5515.64932885906, '# marker sets': 107, 'N50 (contigs)': 6129, '1': 20, '0': 17, '3': 49, '2': 55, 'Longest scaffold': 24320, '4': 8, '5+': 0, 'Contamination': 113.06014857416727, '# predicted genes': 3327, 'N50 (scaffolds)': 6129, '# ambiguous bases': 0, 'Mean scaffold length': 5515.64932885906}
